YEAR,STATEFIP,RPP
2019,56,92.7
2018,56,94.5
2017,56,95.9
2016,56,96.4
2015,56,96.8
2014,56,96
2013,56,95.8
2012,56,96.7
2011,56,95.9
2010,56,96.1
2009,56,96.1
2008,56,96.5006198
2007,56,96.35675706
2006,56,96.16704234
2005,56,96.30323325
2004,56,96.16507118
2003,56,96.0315174
2002,56,96.21969045
2001,56,96.13042437
2000,56,96.09091392
1999,56,96.04727063
1998,56,96.00119543
1997,56,95.9540214
1996,56,95.90680993
1995,56,95.86042177
1994,56,95.81556951
1993,56,95.77285628
1992,56,95.73280442
1991,56,95.69587656
1990,56,95.66412937
1989,56,95.63802881
1988,56,95.61572337
1987,56,95.59565599
1986,56,95.57648708
1985,56,95.55703766
1984,56,95.53624739
1983,56,95.51314349
1982,56,95.48681789
1981,56,95.45641032
1980,56,95.40358982
1979,56,95.31903461
1978,56,95.21511067
1977,56,95.10209101
1976,56,94.98870293
1975,56,94.88253217
1974,56,94.79032142
1973,56,94.71819075
1972,56,94.6718004
1971,56,94.65647101
2019,55,91.9
2018,55,92.4
2017,55,92.6
2016,55,93
2015,55,93.3
2014,55,93.2
2013,55,93.5
2012,55,93.3
2011,55,92.8
2010,55,92.9
2009,55,93
2008,55,93.06531223
2007,55,93.05367294
2006,55,92.93006549
2005,55,92.90906122
2004,55,92.95256481
2003,55,92.84625412
2002,55,92.86610055
2001,55,92.51739082
2000,55,92.47770101
1999,55,92.43244562
1998,55,92.38327791
1997,55,92.33142938
1996,55,92.27782014
1995,55,92.22314026
1994,55,92.16790998
1993,55,92.11252406
1992,55,92.05728463
1991,55,92.00242539
1990,55,91.94738823
1989,55,91.89160421
1988,55,91.83526323
1987,55,91.77850236
1986,55,91.72141964
1985,55,91.66408429
1984,55,91.60654425
1983,55,91.54883175
1982,55,91.49096739
1981,55,91.43296321
1980,55,91.37667515
1979,55,91.32370415
1978,55,91.27361653
1977,55,91.22608671
1976,55,91.18086888
1975,55,91.13777621
1974,55,91.09666539
1973,55,91.05742525
1972,55,91.01996837
1971,55,90.98422487
2019,54,87.8
2018,54,87.2
2017,54,87.8
2016,54,88.7
2015,54,88.2
2014,54,88.6
2013,54,88.6
2012,54,88.5
2011,54,88.4
2010,54,87.5
2009,54,87
2008,54,87.65715357
2007,54,87.72362362
2006,54,87.54087839
2005,54,87.45397965
2004,54,87.36879102
2003,54,87.32465577
2002,54,87.35588287
2001,54,87.4293986
2000,54,87.39600391
1999,54,87.34921826
1998,54,87.29368056
1997,54,87.23318253
1996,54,87.17089022
1995,54,87.10950761
1994,54,87.0513974
1993,54,86.99867028
1992,54,86.95325082
1991,54,86.9169261
1990,54,86.88525838
1989,54,86.85254891
1988,54,86.81901915
1987,54,86.78480657
1986,54,86.74998664
1985,54,86.71458899
1984,54,86.67860947
1983,54,86.64201892
1982,54,86.60476972
1981,54,86.56680065
1980,54,86.52240945
1979,54,86.46844197
1978,54,86.40858474
1977,54,86.34589598
1976,54,86.28296991
1975,54,86.22205805
1974,54,86.16515882
1973,54,86.11408374
1972,54,86.07050631
1971,54,86.03599806
2019,53,107.8
2018,53,106.8
2017,53,106.1
2016,53,105.2
2015,53,104.9
2014,53,104.2
2013,53,103.5
2012,53,102.9
2011,53,103
2010,53,103.7
2009,53,103.2
2008,53,103.028899
2007,53,102.8669632
2006,53,102.7196077
2005,53,102.7830228
2004,53,102.9339157
2003,53,102.8776302
2002,53,102.7805127
2001,53,102.5684059
2000,53,102.4434511
1999,53,102.3272327
1998,53,102.218399
1997,53,102.1160085
1996,53,102.0194229
1995,53,101.9282278
1994,53,101.842174
1993,53,101.7611344
1992,53,101.6850722
1991,53,101.614017
1990,53,101.5463579
1989,53,101.4799873
1988,53,101.4143973
1987,53,101.3491209
1986,53,101.2837211
1985,53,101.2177835
1984,53,101.1509099
1983,53,101.0827146
1982,53,101.0128205
1981,53,100.9408575
1980,53,100.8711661
1979,53,100.8079274
1978,53,100.7503346
1977,53,100.6977882
1976,53,100.6498421
1975,53,100.6061629
1974,53,100.566501
1973,53,100.5306686
1972,53,100.4985233
1971,53,100.4699563
2019,51,102
2018,51,102
2017,51,102.2
2016,51,102.6
2015,51,102.7
2014,51,102.8
2013,51,103
2012,51,103
2011,51,103.1
2010,51,103.5
2009,51,102.8
2008,51,102.4772134
2007,51,102.3053207
2006,51,102.1363502
2005,51,102.0570767
2004,51,102.1113098
2003,51,101.8294406
2002,51,101.9268576
2001,51,101.754807
2000,51,101.703795
1999,51,101.6456656
1998,51,101.5820827
1997,51,101.5142239
1996,51,101.4429084
1995,51,101.3686903
1994,51,101.2919279
1993,51,101.2128351
1992,51,101.131519
1991,51,101.048008
1990,51,100.9630179
1989,51,100.877454
1988,51,100.7914949
1987,51,100.705287
1986,51,100.6189527
1985,51,100.5325966
1984,51,100.4463105
1983,51,100.3601764
1982,51,100.2742695
1981,51,100.1886595
1980,51,100.1085265
1979,51,100.0383175
1978,51,99.97684827
1977,51,99.92324536
1976,51,99.87686436
1975,51,99.83723018
1974,51,99.80399279
1973,51,99.77689446
1972,51,99.75574568
1971,51,99.74040729
2019,50,103
2018,50,103.2
2017,50,102.6
2016,50,102.7
2015,50,102.5
2014,50,100.9
2013,50,100.8
2012,50,99.9
2011,50,99.5
2010,50,100.6
2009,50,100.4
2008,50,100.2857216
2007,50,99.97796166
2006,50,99.80527594
2005,50,99.9887253
2004,50,99.62937473
2003,50,99.64997654
2002,50,99.51489387
2001,50,99.30613461
2000,50,99.24278949
1999,50,99.2189402
1998,50,99.2200581
1997,50,99.23406415
1996,50,99.2506884
1995,50,99.26099696
1994,50,99.25704267
1993,50,99.23160707
1992,50,99.17800989
1991,50,99.0899683
1990,50,98.98229928
1989,50,98.87503568
1988,50,98.76842537
1987,50,98.66282547
1986,50,98.55867377
1985,50,98.45646764
1984,50,98.35674847
1983,50,98.26009014
1982,50,98.16709053
1981,50,98.07836523
1980,50,97.99952928
1979,50,97.93457323
1978,50,97.88166536
1977,50,97.83943119
1976,50,97.80683391
1975,50,97.7830861
1974,50,97.76758451
1973,50,97.75986192
1972,50,97.75955155
1971,50,97.76636081
2019,49,96.6
2018,49,95.9
2017,49,96
2016,49,96.4
2015,49,96.8
2014,49,97.7
2013,49,97.1
2012,49,97.2
2011,49,96.9
2010,49,97.8
2009,49,96.8
2008,49,96.62273562
2007,49,96.49034784
2006,49,96.36105853
2005,49,96.31363839
2004,49,96.25760573
2003,49,96.41405989
2002,49,96.25895169
2001,49,96.41393747
2000,49,96.30881727
1999,49,96.17959418
1998,49,96.036904
1997,49,95.88972647
1996,49,95.74581824
1995,49,95.6120327
1994,49,95.49455618
1993,49,95.39908231
1992,49,95.33094092
1991,49,95.29519311
1990,49,95.27293796
1989,49,95.24249343
1988,49,95.2059887
1987,49,95.1649902
1986,49,95.1206488
1985,49,95.07380843
1984,49,95.02508638
1983,49,94.97493252
1982,49,94.9236731
1981,49,94.87154305
1980,49,94.8181398
1979,49,94.7633017
1978,49,94.7075353
1977,49,94.65125169
1976,49,94.59479141
1975,49,94.53844292
1974,49,94.48245621
1973,49,94.42705288
1972,49,94.37243354
1971,49,94.31878329
2019,48,96.8
2018,48,96.8
2017,48,96.6
2016,48,96.7
2015,48,96.5
2014,48,96.3
2013,48,96.2
2012,48,96.2
2011,48,96.3
2010,48,96.4
2009,48,96.5
2008,48,96.22867033
2007,48,96.11200476
2006,48,95.95078052
2005,48,95.93338104
2004,48,95.94456277
2003,48,95.98210538
2002,48,95.96478823
2001,48,95.78233148
2000,48,95.66283342
1999,48,95.54778306
1998,48,95.43797785
1997,48,95.33429089
1996,48,95.23765112
1995,48,95.14902874
1994,48,95.06942444
1993,48,94.99986138
1992,48,94.94137936
1991,48,94.89503045
1990,48,94.85354757
1989,48,94.80910401
1988,48,94.7623931
1987,48,94.7138854
1986,48,94.66388693
1985,48,94.6125822
1984,48,94.56006598
1983,48,94.50636677
1982,48,94.45146412
1981,48,94.39530143
1980,48,94.3366228
1979,48,94.27501373
1978,48,94.21159273
1977,48,94.14728482
1976,48,94.08287212
1975,48,94.01903121
1974,48,93.95636072
1973,48,93.89540174
1972,48,93.83665284
1971,48,93.78058119
2019,47,89.9
2018,47,89.7
2017,47,89.6
2016,47,89.9
2015,47,89.8
2014,47,90.7
2013,47,90.8
2012,47,90.3
2011,47,90.2
2010,47,90.5
2009,47,90.5
2008,47,90.12081356
2007,47,90.05052585
2006,47,89.91394019
2005,47,90.04228964
2004,47,89.97468684
2003,47,89.91936293
2002,47,89.98211734
2001,47,89.86930137
2000,47,89.7711419
1999,47,89.67547483
1998,47,89.58271972
1997,47,89.49337971
1996,47,89.40801967
1995,47,89.32725008
1994,47,89.25171508
1993,47,89.1820837
1992,47,89.11904331
1991,47,89.06329485
1990,47,89.01331013
1989,47,88.9662295
1988,47,88.92104846
1987,47,88.87689593
1986,47,88.83299938
1985,47,88.78865901
1984,47,88.7432288
1983,47,88.6961024
1982,47,88.64670276
1981,47,88.59447449
1980,47,88.54131267
1979,47,88.4894553
1978,47,88.4387214
1977,47,88.38897605
1976,47,88.34011836
1975,47,88.29207258
1974,47,88.24478151
1973,47,88.19820166
1972,47,88.15229967
1971,47,88.10704964
2019,46,87.9
2018,46,88.5
2017,46,88.3
2016,46,88
2015,46,88
2014,46,88
2013,46,88.9
2012,46,87.3
2011,46,86.9
2010,46,85.8
2009,46,86.9
2008,46,87.1461097
2007,46,87.21628757
2006,46,87.04131027
2005,46,87.33575433
2004,46,87.35634507
2003,46,87.33176143
2002,46,87.26856242
2001,46,87.0124303
2000,46,86.90046288
1999,46,86.79944465
1998,46,86.70832612
1997,46,86.62651237
1996,46,86.55374423
1995,46,86.49001044
1994,46,86.43548288
1993,46,86.39046867
1992,46,86.35537478
1991,46,86.33068196
1990,46,86.30932467
1989,46,86.28425211
1988,46,86.25639655
1987,46,86.22642679
1986,46,86.19481703
1985,46,86.16189774
1984,46,86.12789325
1983,46,86.09294953
1982,46,86.05715463
1981,46,86.02055385
1980,46,85.98169519
1979,46,85.93988805
1978,46,85.89625094
1977,46,85.85170801
1976,46,85.80703985
1975,46,85.76292103
1974,46,85.71994785
1973,46,85.67865876
1972,46,85.63954951
1971,46,85.60308433
2019,45,91.1
2018,45,90.7
2017,45,90.7
2016,45,90.3
2015,45,90
2014,45,90.5
2013,45,90.8
2012,45,90.8
2011,45,90.4
2010,45,91.5
2009,45,91.1
2008,45,90.40859365
2007,45,90.46259119
2006,45,90.33805512
2005,45,90.49835047
2004,45,90.38849597
2003,45,90.32614434
2002,45,90.30412774
2001,45,90.23757164
2000,45,90.14687702
1999,45,90.052213
1998,45,89.95571964
1997,45,89.85927145
1996,45,89.7645468
1995,45,89.67307923
1994,45,89.5862953
1993,45,89.50554259
1992,45,89.43211031
1991,45,89.3672446
1990,45,89.30817366
1989,45,89.25068343
1988,45,89.19419282
1987,45,89.13818352
1986,45,89.08218365
1985,45,89.02575557
1984,45,88.96848698
1983,45,88.90998423
1982,45,88.8498675
1981,45,88.78776715
1980,45,88.72672885
1979,45,88.66976018
1978,45,88.61628653
1977,45,88.56587315
1976,45,88.51818856
1975,45,88.47297754
1974,45,88.4300412
1973,45,88.38922228
1972,45,88.35039419
1971,45,88.31345307
2019,44,99.3
2018,44,99.2
2017,44,100.6
2016,44,99.9
2015,44,99.8
2014,44,98.8
2013,44,98.8
2012,44,99.4
2011,44,99.1
2010,44,100
2009,44,100.2
2008,44,99.82828571
2007,44,99.80945089
2006,44,99.2598013
2005,44,99.26742787
2004,44,99.05144186
2003,44,98.69074552
2002,44,98.61996473
2001,44,98.69796199
2000,44,98.73073439
1999,44,98.74429704
1998,44,98.74275884
1997,44,98.72904278
1996,44,98.70519604
1995,44,98.67261898
1994,44,98.63223427
1993,44,98.58461179
1992,44,98.53006088
1991,44,98.46869847
1990,44,98.38736175
1989,44,98.27873548
1988,44,98.15139601
1987,44,98.01240759
1986,44,97.86771774
1985,44,97.72244929
1984,44,97.58111594
1983,44,97.4477816
1982,44,97.32617795
1981,44,97.21979134
1980,44,97.13167999
1979,44,97.06101154
1978,44,97.00572144
1977,44,96.96426513
1976,44,96.93548205
1975,44,96.91849523
1974,44,96.91263716
1973,44,96.917395
1972,44,96.93237016
1971,44,96.9572484
2019,42,97.5
2018,42,97.6
2017,42,98.1
2016,42,98.2
2015,42,98.1
2014,42,98.6
2013,42,98.4
2012,42,98.4
2011,42,98.5
2010,42,98.2
2009,42,98.2
2008,42,98.07989478
2007,42,98.02336473
2006,42,97.92081372
2005,42,98.05755517
2004,42,97.96484303
2003,42,97.83557061
2002,42,97.87299673
2001,42,97.65664137
2000,42,97.61562775
1999,42,97.57128823
1998,42,97.52419651
1997,42,97.47469907
1996,42,97.42297463
1995,42,97.36907799
1994,42,97.31297244
1993,42,97.25455369
1992,42,97.19366753
1991,42,97.13012289
1990,42,97.06519519
1989,42,97.0003662
1988,42,96.93562191
1987,42,96.87095791
1986,42,96.80637691
1985,42,96.74188688
1984,42,96.67749963
1983,42,96.61322987
1982,42,96.5490944
1981,42,96.48511158
1980,42,96.42335165
1979,42,96.36556009
1978,42,96.311214
1977,42,96.25992124
1976,42,96.21138628
1975,42,96.16538491
1974,42,96.1217456
1973,42,96.08033572
1972,42,96.04105138
1971,42,96.00380992
2019,41,101.1
2018,41,100.5
2017,41,100.5
2016,41,98.5
2015,41,98.8
2014,41,98.9
2013,41,98.7
2012,41,98.5
2011,41,98.5
2010,41,98.9
2009,41,98.3
2008,41,98.13140159
2007,41,97.9855686
2006,41,97.85430775
2005,41,98.0293086
2004,41,97.88549444
2003,41,98.0538508
2002,41,97.86000744
2001,41,97.68533159
2000,41,97.53380647
1999,41,97.40871133
1998,41,97.30412329
1997,41,97.21549983
1996,41,97.13931789
1995,41,97.07280727
1994,41,97.01375383
1993,41,96.96035405
1992,41,96.91110769
1991,41,96.86473847
1990,41,96.81762011
1989,41,96.76740206
1988,41,96.71488671
1987,41,96.66066226
1986,41,96.60515877
1985,41,96.54868951
1984,41,96.49148146
1983,41,96.43369792
1982,41,96.37545512
1981,41,96.31683455
1980,41,96.25803225
1979,41,96.19922843
1978,41,96.14044355
1977,41,96.08169257
1976,41,96.0229864
1975,41,95.96433296
1974,41,95.90573795
1973,41,95.84720543
1972,41,95.78873825
1971,41,95.7303384
2019,40,88.4
2018,40,88.6
2017,40,88.7
2016,40,89.8
2015,40,89.5
2014,40,90
2013,40,89.9
2012,40,89.6
2011,40,89.6
2010,40,89.5
2009,40,88.9
2008,40,89.30559183
2007,40,89.2515357
2006,40,89.11762681
2005,40,89.26094083
2004,40,89.20303718
2003,40,89.17687272
2002,40,89.32159638
2001,40,89.01878166
2000,40,88.94465162
1999,40,88.87247261
1998,40,88.80272098
1997,40,88.73586705
1996,40,88.67237661
1995,40,88.61271217
1994,40,88.55733375
1993,40,88.5066996
1992,40,88.46126662
1991,40,88.42149072
1990,40,88.38358015
1989,40,88.34363432
1988,40,88.30216136
1987,40,88.25952471
1986,40,88.21598091
1985,40,88.17170761
1984,40,88.12682416
1983,40,88.08140686
1982,40,88.03550022
1981,40,87.98912529
1980,40,87.93959004
1979,40,87.88541467
1978,40,87.82838793
1977,40,87.76999251
1976,40,87.71148506
1975,40,87.65395525
1974,40,87.59836948
1973,40,87.54560308
1972,40,87.49646416
1971,40,87.45171113
2019,39,88.4
2018,39,88.9
2017,39,89.1
2016,39,89.2
2015,39,89.4
2014,39,89.5
2013,39,89.4
2012,39,89.7
2011,39,89.8
2010,39,89.3
2009,39,90
2008,39,89.7259175
2007,39,89.63095911
2006,39,89.55573438
2005,39,89.52901699
2004,39,89.51259468
2003,39,89.41037968
2002,39,89.44120897
2001,39,89.12553522
2000,39,89.09653557
1999,39,89.06348334
1998,39,89.02700313
1997,39,88.98744017
1996,39,88.94493338
1995,39,88.89946933
1994,39,88.85092202
1993,39,88.79908239
1992,39,88.74367997
1991,39,88.68439898
1990,39,88.62318141
1989,39,88.56226189
1988,39,88.50157401
1987,39,88.44107425
1986,39,88.38073603
1985,39,88.32054523
1984,39,88.26049699
1983,39,88.20059324
1982,39,88.14084097
1981,39,88.08125086
1980,39,88.02389101
1979,39,87.97052431
1978,39,87.92064875
1977,39,87.87389095
1976,39,87.82997255
1975,39,87.78868532
1974,39,87.74987288
1973,39,87.71341709
1972,39,87.67922809
1971,39,87.64723686
2019,38,90.6
2018,38,90.4
2017,38,91.4
2016,38,92
2015,38,91.6
2014,38,91.7
2013,38,91
2012,38,89.7
2011,38,89.2
2010,38,89
2009,38,88.5
2008,38,89.69958655
2007,38,89.4469419
2006,38,89.42419362
2005,38,89.70995816
2004,38,89.58915337
2003,38,89.59829554
2002,38,89.67937522
2001,38,89.66492672
2000,38,89.58919025
1999,38,89.50050156
1998,38,89.40483349
1997,38,89.30728024
1996,38,89.21228711
1995,38,89.12382018
1994,38,89.04549161
1993,38,88.98065218
1992,38,88.93245963
1991,38,88.90392914
1990,38,88.88621082
1989,38,88.86790079
1988,38,88.84894022
1987,38,88.82917698
1986,38,88.80838997
1985,38,88.78630722
1984,38,88.76261914
1983,38,88.73698841
1982,38,88.70905716
1981,38,88.6784524
1980,38,88.6397544
1979,38,88.59060448
1978,38,88.53505059
1977,38,88.47645228
1976,38,88.41766062
1975,38,88.36115121
1974,38,88.30912232
1973,38,88.26356743
1972,38,88.22632875
1971,38,88.19913681
2019,37,91.8
2018,37,91.6
2017,37,91.3
2016,37,91.2
2015,37,91.4
2014,37,91.8
2013,37,91.7
2012,37,91.5
2011,37,91.3
2010,37,92.1
2009,37,92
2008,37,91.53805229
2007,37,91.43389725
2006,37,91.34977939
2005,37,91.42580625
2004,37,91.38645702
2003,37,91.29704107
2002,37,91.39513057
2001,37,91.19429209
2000,37,91.07851375
1999,37,90.96932121
1998,37,90.86590738
1997,37,90.76780793
1996,37,90.67481165
1995,37,90.58689426
1994,37,90.50416956
1993,37,90.42685329
1992,37,90.3552365
1991,37,90.28966585
1990,37,90.22835492
1989,37,90.1687102
1988,37,90.11012799
1987,37,90.05207259
1986,37,89.99405853
1985,37,89.93563741
1984,37,89.87638823
1983,37,89.81591022
1982,37,89.75381753
1981,37,89.68973538
1980,37,89.62795371
1979,37,89.57257832
1978,37,89.52277055
1977,37,89.47790292
1976,37,89.43750385
1975,37,89.40121697
1974,37,89.36877094
1973,37,89.33995723
1972,37,89.31461371
1971,37,89.29261251
2019,36,116.4
2018,36,116
2017,36,116.4
2016,36,115.8
2015,36,115.7
2014,36,115.2
2013,36,115.3
2012,36,115.2
2011,36,115.2
2010,36,115.3
2009,36,115.1
2008,36,114.8387733
2007,36,114.7193335
2006,36,114.5508075
2005,36,114.5227625
2004,36,114.4014581
2003,36,114.2007733
2002,36,114.2492816
2001,36,114.1154387
2000,36,114.0544919
1999,36,113.9898982
1998,36,113.9222543
1997,36,113.8519058
1996,36,113.7790122
1995,36,113.7035962
1994,36,113.625579
1993,36,113.5448072
1992,36,113.4610719
1991,36,113.3741237
1990,36,113.2844938
1989,36,113.1933187
1988,36,113.101101
1987,36,113.0082618
1986,36,112.9151614
1985,36,112.8221158
1984,36,112.7294078
1983,36,112.6372961
1982,36,112.5460211
1981,36,112.4558102
1980,36,112.3729512
1979,36,112.3026768
1978,36,112.2434668
1977,36,112.1941963
1976,36,112.1540322
1975,36,112.122357
1974,36,112.0987125
1973,36,112.0827581
1972,36,112.0742399
1971,36,112.0729683
2019,35,91.1
2018,35,92.4
2017,35,92.4
2016,35,93.8
2015,35,94.7
2014,35,95.3
2013,35,95
2012,35,95.3
2011,35,94.6
2010,35,94.4
2009,35,94.4
2008,35,94.82502245
2007,35,94.69237429
2006,35,94.56289269
2005,35,94.27658793
2004,35,94.24339979
2003,35,94.29232429
2002,35,94.39062384
2001,35,94.41149306
2000,35,94.37912563
1999,35,94.3403722
1998,35,94.29660658
1997,35,94.24884986
1996,35,94.19786264
1995,35,94.14421313
1994,35,94.08832745
1993,35,94.03052682
1992,35,93.97105493
1991,35,93.91009826
1990,35,93.84799493
1989,35,93.78518072
1988,35,93.72191297
1987,35,93.65841869
1986,35,93.59490251
1985,35,93.53155257
1984,35,93.46854476
1983,35,93.40604599
1982,35,93.34421649
1981,35,93.28321158
1980,35,93.22479923
1979,35,93.17031878
1978,35,93.11925648
1977,35,93.07122697
1976,35,93.02593974
1975,35,92.98317429
1974,35,92.94276186
1973,35,92.90457188
1972,35,92.86850198
1971,35,92.83447064
2019,34,115.2
2018,34,113.6
2017,34,114.1
2016,34,113.4
2015,34,113.8
2014,34,113.4
2013,34,114.4
2012,34,114.6
2011,34,114.1
2010,34,113.3
2009,34,112.9
2008,34,112.9970921
2007,34,112.6960685
2006,34,112.5803873
2005,34,112.359981
2004,34,112.2793597
2003,34,112.0482074
2002,34,112.0689617
2001,34,112.0287402
2000,34,111.9825365
1999,34,111.9313122
1998,34,111.8759945
1997,34,111.8171596
1996,34,111.7551242
1995,34,111.6900135
1994,34,111.6218115
1993,34,111.5503976
1992,34,111.4755741
1991,34,111.3970862
1990,34,111.2975097
1989,34,111.1662631
1988,34,111.0132331
1987,34,110.8465345
1986,34,110.672974
1985,34,110.4983919
1984,34,110.3279149
1983,34,110.1661428
1982,34,110.017286
1981,34,109.8852677
1980,34,109.7759318
1979,34,109.6907639
1978,34,109.627342
1977,34,109.5839136
1976,34,109.5592205
1975,34,109.5523698
1974,34,109.5627381
1973,34,109.5899012
1972,34,109.633582
1971,34,109.6936119
2019,33,106
2018,33,106.5
2017,33,106.8
2016,33,105.7
2015,33,105.7
2014,33,105.4
2013,33,105.6
2012,33,105.3
2011,33,106.5
2010,33,106.4
2009,33,107.2
2008,33,106.2074344
2007,33,106.0441736
2006,33,106.0512455
2005,33,105.9663816
2004,33,105.7235339
2003,33,105.5021614
2002,33,105.4558103
2001,33,105.1618247
2000,33,105.1155629
1999,33,105.1074688
1998,33,105.1220156
1997,33,105.1461485
1996,33,105.1686377
1995,33,105.1796017
1994,33,105.1701548
1993,33,105.1321462
1992,33,105.0579684
1991,33,104.9404147
1990,33,104.7976208
1989,33,104.6541305
1988,33,104.510704
1987,33,104.3681824
1986,33,104.2274665
1985,33,104.089501
1984,33,103.9552635
1983,33,103.8257555
1982,33,103.7019962
1981,33,103.5850181
1980,33,103.4825466
1979,33,103.3998948
1978,33,103.3344834
1977,33,103.2843791
1976,33,103.2481261
1975,33,103.2246214
1974,33,103.213022
1973,33,103.2126774
1972,33,103.223079
1971,33,103.2438231
2019,32,97.5
2018,32,96.5
2017,32,96
2016,32,97.3
2015,32,97.5
2014,32,98.7
2013,32,98.7
2012,32,99.8
2011,32,99.9
2010,32,100.7
2009,32,100.8
2008,32,99.75443877
2007,32,99.29310135
2006,32,98.88935669
2005,32,98.46846011
2004,32,98.4448166
2003,32,98.5827741
2002,32,98.46183287
2001,32,98.23168509
2000,32,98.19521364
1999,32,98.14972295
1998,32,98.09737462
1997,32,98.03970209
1996,32,97.97777497
1995,32,97.91232026
1994,32,97.84381193
1993,32,97.77253715
1992,32,97.69864504
1991,32,97.62218283
1990,32,97.54423239
1989,32,97.46600566
1988,32,97.38757955
1987,32,97.30901316
1986,32,97.23035245
1985,32,97.15163365
1984,32,97.07288582
1983,32,96.99413273
1982,32,96.91539424
1981,32,96.8366873
1980,32,96.75975376
1979,32,96.68609409
1978,32,96.6153095
1977,32,96.54710457
1976,32,96.48126021
1975,32,96.41761373
1974,32,96.35604405
1973,32,96.29646087
1972,32,96.23879658
1971,32,96.18300034
2019,31,89.5
2018,31,89.8
2017,31,90.1
2016,31,90.2
2015,31,90.5
2014,31,90.7
2013,31,90.6
2012,31,90.3
2011,31,90.3
2010,31,89.6
2009,31,89.7
2008,31,90.08885705
2007,31,90.00322782
2006,31,89.83939587
2005,31,89.84604597
2004,31,89.84045141
2003,31,89.90539473
2002,31,90.01702176
2001,31,89.94074606
2000,31,89.82516929
1999,31,89.70637234
1998,31,89.58789753
1997,31,89.47295731
1996,31,89.36452055
1995,31,89.26537619
1994,31,89.17818033
1993,31,89.10549091
1992,31,89.04979343
1991,31,89.01351985
1990,31,88.98739483
1989,31,88.96007643
1988,31,88.93166982
1987,31,88.90214648
1986,31,88.87137915
1985,31,88.83916765
1984,31,88.80525794
1983,31,88.76935624
1982,31,88.73113934
1981,31,88.6902624
1980,31,88.64455804
1979,31,88.5935592
1978,31,88.53931702
1977,31,88.48353286
1976,31,88.42764976
1975,31,88.37291996
1974,31,88.32045482
1973,31,88.27126163
1972,31,88.22627084
1971,31,88.18635615
2019,30,93.3
2018,30,93.9
2017,30,93.4
2016,30,95.1
2015,30,94.7
2014,30,94.6
2013,30,93.5
2012,30,93.8
2011,30,93.9
2010,30,94.5
2009,30,95.3
2008,30,94.48140421
2007,30,94.49585284
2006,30,94.49601769
2005,30,94.32647187
2004,30,94.26523743
2003,30,94.28864267
2002,30,94.31449014
2001,30,94.24874538
2000,30,94.17544809
1999,30,94.09958102
1998,30,94.02293296
1997,30,93.94705591
1996,30,93.87332699
1995,30,93.80299415
1994,30,93.73720997
1993,30,93.67705659
1992,30,93.62356413
1991,30,93.57772426
1990,30,93.53879322
1989,30,93.50420477
1988,30,93.47249813
1987,30,93.4424249
1986,30,93.41289353
1985,30,93.38292833
1984,30,93.35163914
1983,30,93.31819899
1982,30,93.28182759
1981,30,93.24177908
1980,30,93.1974971
1979,30,93.14990501
1978,30,93.10030952
1977,30,93.04979961
1976,30,92.99930345
1975,30,92.94963046
1974,30,92.90150232
1973,30,92.85557597
1972,30,92.81246049
1971,30,92.77272963
2019,29,88.8
2018,29,89.5
2017,29,89.5
2016,29,89.6
2015,29,89.8
2014,29,89.9
2013,29,89.3
2012,29,89.1
2011,29,88.3
2010,29,87.9
2009,29,87.8
2008,29,88.54559521
2007,29,88.46189774
2006,29,88.45865419
2005,29,88.53329188
2004,29,88.48203017
2003,29,88.46287212
2002,29,88.50743718
2001,29,88.15438242
2000,29,88.09490623
1999,29,88.03478068
1998,29,87.97465523
1997,29,87.91504747
1996,29,87.85637759
1995,29,87.79899388
1994,29,87.74319147
1993,29,87.68922629
1992,29,87.63732531
1991,29,87.58769407
1990,29,87.53861768
1989,29,87.48839083
1988,29,87.43730282
1987,29,87.38556065
1986,29,87.33331051
1985,29,87.28065368
1984,29,87.22765831
1983,29,87.17436802
1982,29,87.12080839
1981,29,87.0669916
1980,29,87.0145613
1979,29,86.96495467
1978,29,86.91781021
1977,29,86.87285688
1976,29,86.82989048
1975,29,86.78875617
1974,29,86.74933553
1973,29,86.71153709
1972,29,86.67528925
1971,29,86.64053508
2019,28,86
2018,28,85.2
2017,28,86
2016,28,86.2
2015,28,86.2
2014,28,87.2
2013,28,86.5
2012,28,86.8
2011,28,86.7
2010,28,85.8
2009,28,86.4
2008,28,86.17468021
2007,28,86.1513271
2006,28,85.89864679
2005,28,85.9087551
2004,28,85.87388217
2003,28,85.85729371
2002,28,85.84144437
2001,28,85.98635322
2000,28,85.91118542
1999,28,85.80238137
1998,28,85.67326818
1997,28,85.53497095
1996,28,85.39698856
1995,28,85.26761888
1994,28,85.15427279
1993,28,85.06370613
1992,28,85.00219095
1991,28,84.97564202
1990,28,84.96443313
1989,28,84.94544559
1988,28,84.92067619
1987,28,84.89158131
1986,28,84.85921824
1985,28,84.82434949
1984,28,84.78751991
1983,28,84.74911357
1982,28,84.70939583
1981,28,84.66854436
1980,28,84.62496597
1979,28,84.57789325
1978,28,84.52863453
1977,28,84.47826699
1976,28,84.4276971
1975,28,84.37770529
1974,28,84.32897883
1973,28,84.28213629
1972,28,84.23774541
1971,28,84.19633646
2019,27,97.5
2018,27,97.9
2017,27,97.8
2016,27,97.2
2015,27,97.5
2014,27,97.5
2013,27,97.6
2012,27,97.2
2011,27,97.1
2010,27,97.7
2009,27,97.4
2008,27,97.33721525
2007,27,97.26602084
2006,27,97.24971275
2005,27,97.48820397
2004,27,97.50388747
2003,27,97.4064601
2002,27,97.2272307
2001,27,96.97152764
2000,27,96.8366096
1999,27,96.71903551
1998,27,96.61536929
1997,27,96.52304313
1996,27,96.44013048
1995,27,96.36517835
1994,27,96.29708351
1993,27,96.23500102
1992,27,96.1782767
1991,27,96.12639726
1990,27,96.07632977
1989,27,96.02533261
1988,27,95.97354907
1987,27,95.92103002
1986,27,95.86775808
1985,27,95.81366544
1984,27,95.75864709
1983,27,95.70257049
1982,27,95.64528283
1981,27,95.58661628
1980,27,95.52938256
1979,27,95.47625884
1978,27,95.42673635
1977,27,95.38043606
1976,27,95.33707472
1975,27,95.29643984
1974,27,95.25837116
1973,27,95.22274704
1972,27,95.18947432
1971,27,95.15848089
2019,26,92.4
2018,26,92.8
2017,26,92.8
2016,26,93
2015,26,93.6
2014,26,94.3
2013,26,94.5
2012,26,94.6
2011,26,94.7
2010,26,95.2
2009,26,95.4
2008,26,94.66641971
2007,26,94.70069789
2006,26,94.63112018
2005,26,94.6483637
2004,26,94.52641501
2003,26,94.43606359
2002,26,94.46769636
2001,26,94.32664333
2000,26,94.27270768
1999,26,94.21802762
1998,26,94.16260156
1997,26,94.10637945
1996,26,94.04927543
1995,26,93.99117724
1994,26,93.93195308
1993,26,93.87145672
1992,26,93.80953131
1991,26,93.7460121
1990,26,93.68163024
1989,26,93.61727801
1988,26,93.55296127
1987,26,93.48869131
1986,26,93.42448351
1985,26,93.3603562
1984,26,93.29632993
1983,26,93.23242689
1982,26,93.16867045
1981,26,93.10508489
1980,26,93.04343008
1979,26,92.98516948
1978,26,92.92983926
1977,26,92.87708956
1976,26,92.8266547
1975,26,92.77833112
1974,26,92.7319612
1973,26,92.6874212
1972,26,92.64461242
1971,26,92.60345465
2019,25,109.7
2018,25,109
2017,25,109.2
2016,25,107.6
2015,25,107.3
2014,25,106.7
2013,25,106.6
2012,25,107.8
2011,25,108
2010,25,108
2009,25,108.3
2008,25,107.4650672
2007,25,107.395676
2006,25,107.1642555
2005,25,107.1104838
2004,25,106.9701795
2003,25,106.9146245
2002,25,106.8127936
2001,25,106.512372
2000,25,106.4306343
1999,25,106.3881207
1998,25,106.3698149
1997,25,106.3632154
1996,25,106.3576774
1995,25,106.3439282
1994,25,106.3137075
1993,25,106.2595033
1992,25,106.1743561
1991,25,106.0517143
1990,25,105.9047997
1989,25,105.7533751
1988,25,105.5993092
1987,25,105.4443206
1986,25,105.2900172
1985,25,105.1379251
1984,25,104.9895099
1983,25,104.8461927
1982,25,104.7093617
1981,25,104.5803806
1980,25,104.4699453
1979,25,104.3856518
1978,25,104.3241472
1977,25,104.2829224
1976,25,104.2600914
1975,25,104.2542286
1974,25,104.2642481
1973,25,104.2893151
1972,25,104.3287803
1971,25,104.3821311
2019,24,108.4
2018,24,109
2017,24,109
2016,24,109.6
2015,24,110.2
2014,24,109.9
2013,24,110.1
2012,24,110.9
2011,24,111
2010,24,111.3
2009,24,110.3
2008,24,110.0524529
2007,24,109.8795113
2006,24,109.5816882
2005,24,109.2987031
2004,24,109.3449997
2003,24,109.0080235
2002,24,109.1136991
2001,24,109.1085641
2000,24,109.0994564
1999,24,109.0807243
1998,24,109.0540136
1997,24,109.0203042
1996,24,108.9800838
1995,24,108.9334768
1994,24,108.8803395
1993,24,108.8203298
1992,24,108.7529594
1991,24,108.6776318
1990,24,108.5852391
1989,24,108.4717311
1988,24,108.3437436
1987,24,108.2067386
1986,24,108.0653111
1985,24,107.9234161
1984,24,107.7845356
1983,24,107.6518026
1982,24,107.5280922
1981,24,107.416089
1980,24,107.3219433
1979,24,107.2481024
1978,24,107.1918257
1977,24,107.1510301
1976,24,107.1241183
1975,24,107.1098518
1974,24,107.107257
1973,24,107.1155561
1972,24,107.1341156
1971,24,107.1624089
2019,23,100
2018,23,99
2017,23,99.4
2016,23,99.1
2015,23,98
2014,23,98.5
2013,23,98.4
2012,23,97.4
2011,23,96.8
2010,23,98.1
2009,23,98
2008,23,97.55416974
2007,23,97.3708343
2006,23,97.12433796
2005,23,97.29817502
2004,23,97.11874057
2003,23,97.15365825
2002,23,97.13440251
2001,23,96.9704093
2000,23,96.92508536
1999,23,96.90235867
1998,23,96.89316155
1997,23,96.88993027
1996,23,96.88621186
1995,23,96.8763736
1994,23,96.8553886
1993,23,96.81867739
1992,23,96.76199088
1991,23,96.68132405
1990,23,96.58584811
1989,23,96.48857864
1988,23,96.39038951
1987,23,96.29212715
1986,23,96.19461776
1985,23,96.09867258
1984,23,96.00509183
1983,23,95.91466753
1982,23,95.82818572
1981,23,95.74642797
1980,23,95.67343123
1979,23,95.61175545
1978,23,95.5599985
1977,23,95.51711748
1976,23,95.4823348
1975,23,95.45506879
1974,23,95.43488252
1973,23,95.4214459
1972,23,95.41450776
1971,23,95.41387524
2019,22,89.1
2018,22,89.6
2017,22,89.9
2016,22,90.5
2015,22,90.9
2014,22,91.2
2013,22,91.4
2012,22,91
2011,22,91.2
2010,22,91.4
2009,22,90.7
2008,22,90.73277299
2007,22,90.64066807
2006,22,90.40103489
2005,22,90.29615462
2004,22,90.2667612
2003,22,90.22404173
2002,22,90.59325925
2001,22,90.45495237
2000,22,90.37974525
1999,22,90.30443659
1998,22,90.23000758
1997,22,90.15734978
1996,22,90.08728862
1995,22,90.02060065
1994,22,89.95802631
1993,22,89.90027941
1992,22,89.84805408
1991,22,89.8020299
1990,22,89.75841103
1989,22,89.71307296
1988,22,89.66644378
1987,22,89.61882866
1986,22,89.57044194
1985,22,89.52143091
1984,22,89.47189331
1983,22,89.42189032
1982,22,89.3714561
1981,22,89.32060485
1980,22,89.26861512
1979,22,89.21515177
1978,22,89.16077414
1977,22,89.10594445
1976,22,89.05105326
1975,22,88.99643813
1974,22,88.94239753
1973,22,88.88920105
1972,22,88.83709695
1971,22,88.78631774
2019,21,87.8
2018,21,87.4
2017,21,87.5
2016,21,88.7
2015,21,88.3
2014,21,89.3
2013,21,88.8
2012,21,88.6
2011,21,88.6
2010,21,88.7
2009,21,88.9
2008,21,88.63207685
2007,21,88.59337506
2006,21,88.50924361
2005,21,88.37835016
2004,21,88.27028295
2003,21,88.31646218
2002,21,88.42489469
2001,21,88.39085654
2000,21,88.32075513
1999,21,88.24853642
1998,21,88.17581882
1997,21,88.1040321
1996,21,88.03446674
1995,21,87.96831032
1994,21,87.90667445
1993,21,87.85061461
1992,21,87.80114487
1991,21,87.75924867
1990,21,87.72038618
1989,21,87.67950884
1988,21,87.63713608
1987,21,87.59364762
1986,21,87.54931998
1985,21,87.50435346
1984,21,87.45889207
1983,21,87.41303826
1982,21,87.36686378
1981,21,87.32041769
1980,21,87.27386737
1979,21,87.2273693
1978,21,87.18092995
1977,21,87.13455391
1976,21,87.08824442
1975,21,87.04200373
1974,21,86.99583333
1973,21,86.94973417
1972,21,86.9037068
1971,21,86.85775148
2019,20,90
2018,20,90
2017,20,90.1
2016,20,90.2
2015,20,90.9
2014,20,91.3
2013,20,90.6
2012,20,90.7
2011,20,89.9
2010,20,89.6
2009,20,89.3
2008,20,89.82175126
2007,20,89.79276871
2006,20,89.66566348
2005,20,89.58531882
2004,20,89.42538967
2003,20,89.49858678
2002,20,89.58237593
2001,20,89.47923774
2000,20,89.41533857
1999,20,89.35139721
1998,20,89.2879767
1997,20,89.2255839
1996,20,89.16468424
1995,20,89.10571248
1994,20,89.04908081
1993,20,88.99518469
1992,20,88.94440725
1991,20,88.89712251
1990,20,88.85100061
1989,20,88.80359598
1988,20,88.75524402
1987,20,88.70619244
1986,20,88.65662417
1985,20,88.60667431
1984,20,88.55644263
1983,20,88.50600283
1982,20,88.45540932
1981,20,88.4047023
1980,20,88.35391143
1979,20,88.30305866
1978,20,88.25216015
1977,20,88.20122788
1976,20,88.15027067
1975,20,88.09929504
1974,20,88.04830581
1973,20,87.99730653
1972,20,87.94629984
1971,20,87.89528766
2019,19,89.2
2018,19,90
2017,19,90
2016,19,89.9
2015,19,90.3
2014,19,90.6
2013,19,90.2
2012,19,90
2011,19,89.2
2010,19,89
2009,19,88.6
2008,19,89.37951933
2007,19,89.4497383
2006,19,89.42201598
2005,19,89.164231
2004,19,89.24774709
2003,19,89.00409012
2002,19,89.24233626
2001,19,89.31992759
2000,19,89.25055622
1999,19,89.1576336
1998,19,89.05063116
1997,19,88.93749584
1996,19,88.82504861
1995,19,88.71927899
1994,19,88.62556237
1993,19,88.54882062
1992,19,88.49364067
1991,19,88.46436211
1990,19,88.44806209
1989,19,88.42869815
1988,19,88.4069157
1987,19,88.38311449
1986,19,88.35751286
1985,19,88.33019521
1984,19,88.30114697
1983,19,88.2702805
1982,19,88.2374542
1981,19,88.20248662
1980,19,88.15812949
1979,19,88.10073611
1978,19,88.0353589
1977,19,87.96618942
1976,19,87.89678344
1975,19,87.83022719
1974,19,87.76926013
1973,19,87.71636564
1972,19,87.67383794
1971,19,87.64383157
2019,18,89.3
2018,18,89.7
2017,18,89.7
2016,18,90.1
2015,18,90.8
2014,18,91.3
2013,18,91.4
2012,18,91.7
2011,18,91.4
2010,18,91.4
2009,18,91.2
2008,18,91.09947761
2007,18,91.18706942
2006,18,91.03688991
2005,18,91.04085826
2004,18,90.9945433
2003,18,90.85809139
2002,18,90.96979613
2001,18,90.77901287
2000,18,90.70694779
1999,18,90.63563325
1998,18,90.56528762
1997,18,90.49612379
1996,18,90.42835067
1995,18,90.36217416
1994,18,90.29779799
1993,18,90.23542426
1992,18,90.17525388
1991,18,90.11748686
1990,18,90.06100134
1989,18,90.00446165
1988,18,89.94783685
1987,18,89.89107964
1986,18,89.83413061
1985,18,89.77692141
1984,18,89.7193771
1983,18,89.66141785
1982,18,89.60296025
1981,18,89.54391823
1980,18,89.48733753
1979,18,89.43597109
1978,18,89.38917974
1977,18,89.34648959
1976,18,89.30754885
1975,18,89.27209587
1974,18,89.23993559
1973,18,89.21092212
1972,18,89.1849459
1971,18,89.16192417
2019,17,98.1
2018,17,98.5
2017,17,98.7
2016,17,99
2015,17,99.3
2014,17,99.7
2013,17,100.7
2012,17,101.1
2011,17,100.9
2010,17,100.9
2009,17,100.2
2008,17,100.1951349
2007,17,100.1336169
2006,17,99.98759176
2005,17,100.0073926
2004,17,100.0353845
2003,17,99.93728997
2002,17,99.91440513
2001,17,99.70186108
2000,17,99.61522953
1999,17,99.53049441
1998,17,99.44759352
1997,17,99.36650549
1996,17,99.28723914
1995,17,99.20982552
1994,17,99.13431215
1993,17,99.0607587
1992,17,98.98923381
1991,17,98.91981273
1990,17,98.85175271
1989,17,98.78409318
1988,17,98.71665637
1987,17,98.6492706
1986,17,98.58176875
1985,17,98.513987
1984,17,98.44576401
1983,17,98.37694027
1982,17,98.30735761
1981,17,98.23685884
1980,17,98.17019268
1979,17,98.11160749
1978,17,98.06002764
1977,17,98.01464492
1976,17,97.97484867
1975,17,97.94017409
1974,17,97.91026411
1973,17,97.88484123
1972,17,97.8636867
1971,17,97.84662518
2019,16,92.5
2018,16,92.2
2017,16,92.2
2016,16,93.3
2015,16,93.6
2014,16,93.2
2013,16,93.4
2012,16,93.3
2011,16,93.5
2010,16,94.8
2009,16,95.2
2008,16,94.03938142
2007,16,93.84958579
2006,16,93.80207693
2005,16,93.41886988
2004,16,93.28927074
2003,16,93.45093523
2002,16,93.5596654
2001,16,93.81819513
2000,16,93.76113889
1999,16,93.65078999
1998,16,93.50692716
1997,16,93.34594453
1996,16,93.18173665
1995,16,93.02635203
1994,16,92.89047585
1993,16,92.78378643
1992,16,92.71521848
1991,16,92.69315759
1990,16,92.69249372
1989,16,92.68287431
1988,16,92.6665604
1987,16,92.64518174
1986,16,92.61990186
1985,16,92.59153998
1984,16,92.56066106
1983,16,92.52764224
1982,16,92.49272196
1981,16,92.45603625
1980,16,92.41271677
1979,16,92.36024733
1978,16,92.30212631
1977,16,92.24124779
1976,16,92.18005951
1975,16,92.12067963
1974,16,92.06498286
1973,16,92.01466417
1972,16,91.97128571
1971,16,91.93631163
2019,15,118.1
2018,15,118.8
2017,15,118.9
2016,15,119.2
2015,15,118.4
2014,15,118.3
2013,15,117.8
2012,15,116.9
2011,15,117.2
2010,15,117.1
2009,15,118.1
2008,15,117.6845296
2007,15,116.8155668
2006,15,116.427711
2005,15,116.0089489
2004,15,116.1101663
2003,15,116.1482921
2002,15,116.2695558
2001,15,116.0501781
2000,15,116.0445416
1999,15,116.0593098
1998,15,116.0838991
1997,15,116.1090756
1996,15,116.1266019
1995,15,116.1289765
1994,15,116.1092417
1993,15,116.0608411
1992,15,115.9775147
1991,15,115.8532216
1990,15,115.7037273
1989,15,115.5509352
1988,15,115.3963913
1987,15,115.2415663
1986,15,115.0878751
1985,15,114.9366915
1984,15,114.7893591
1983,15,114.6471988
1982,15,114.5115151
1981,15,114.3836002
1980,15,114.2707392
1979,15,114.1776965
1978,15,114.1020124
1977,15,114.0418552
1976,15,113.9958572
1975,15,113.9629931
1974,15,113.9424906
1973,15,113.9337642
1972,15,113.9363666
1971,15,113.9499521
2019,13,93
2018,13,92.8
2017,13,92.7
2016,13,92.8
2015,13,92
2014,13,92.3
2013,13,92.2
2012,13,91.9
2011,13,92.3
2010,13,93.1
2009,13,93.5
2008,13,92.65949075
2007,13,92.47641363
2006,13,92.31314268
2005,13,92.29235378
2004,13,92.40208429
2003,13,92.32418468
2002,13,92.43235517
2001,13,92.18881008
2000,13,92.05261134
1999,13,91.9257376
1998,13,91.80650815
1997,13,91.6937841
1996,13,91.58682672
1995,13,91.48519282
1994,13,91.38865746
1993,13,91.29715689
1992,13,91.21074638
1991,13,91.12956915
1990,13,91.05271964
1989,13,90.9784588
1988,13,90.90592315
1987,13,90.83437423
1986,13,90.76316596
1985,13,90.69172048
1984,13,90.61951028
1983,13,90.54604508
1982,13,90.47086205
1981,13,90.39351866
1980,13,90.32060325
1979,13,90.25820544
1978,13,90.20488402
1977,13,90.15955285
1976,13,90.12138794
1975,13,90.08975895
1974,13,90.06417855
1973,13,90.04426501
1972,13,90.02971463
1971,13,90.02028128
2019,12,100.6
2018,12,100.2
2017,12,100.1
2016,12,99.5
2015,12,99.4
2014,12,99.2
2013,12,99.1
2012,12,99.2
2011,12,99.1
2010,12,100
2009,12,100.8
2008,12,99.8601955
2007,12,99.51174038
2006,12,99.12228718
2005,12,98.96262497
2004,12,98.7432246
2003,12,98.76575058
2002,12,98.76662787
2001,12,98.67193615
2000,12,98.61173234
1999,12,98.54931413
1998,12,98.48484537
1997,12,98.41833023
1996,12,98.34965502
1995,12,98.27861897
1994,12,98.204957
1993,12,98.12835656
1992,12,98.04847001
1991,12,97.96492383
1990,12,97.87772553
1989,12,97.78781885
1988,12,97.69606995
1987,12,97.60320017
1986,12,97.50982387
1985,12,97.41647644
1984,12,97.32363491
1983,12,97.23173322
1982,12,97.14117351
1981,12,97.0523344
1980,12,96.97030449
1979,12,96.89910484
1978,12,96.83740372
1977,12,96.7842116
1976,12,96.73879168
1975,12,96.70059376
1974,12,96.66920551
1973,12,96.64431639
1972,12,96.62569103
1971,12,96.6131496
2019,11,116.1
2018,11,116
2017,11,114.6
2016,11,116.8
2015,11,118.2
2014,11,117
2013,11,117.7
2012,11,117.8
2011,11,118.2
2010,11,116.4
2009,11,115.6
2008,11,115.7513523
2007,11,115.7141188
2006,11,115.2466932
2005,11,115.7619052
2004,11,115.3781114
2003,11,115.3394524
2002,11,114.976977
2001,11,115.0635974
2000,11,115.073938
1999,11,115.0615793
1998,11,115.0320337
1997,11,114.9893112
1996,11,114.9363122
1995,11,114.8751175
1994,11,114.8072025
1993,11,114.733596
1992,11,114.6549964
1991,11,114.5718583
1990,11,114.4805242
1989,11,114.3792847
1988,11,114.271223
1987,11,114.1588662
1986,11,114.0443309
1985,11,113.9294302
1984,11,113.8157535
1983,11,113.7047246
1982,11,113.5976453
1981,11,113.4957272
1980,11,113.4084956
1979,11,113.3428146
1978,11,113.295764
1977,11,113.2651351
1976,11,113.2492442
1975,11,113.2467958
1974,11,113.2567806
1973,11,113.2784012
1972,11,113.3110161
1971,11,113.3540996
2019,10,98.8
2018,10,100
2017,10,100
2016,10,100
2015,10,101.1
2014,10,100.6
2013,10,101.2
2012,10,101.8
2011,10,102.8
2010,10,103.2
2009,10,102
2008,10,101.9048029
2007,10,101.5419814
2006,10,101.3701551
2005,10,101.2012336
2004,10,101.1936191
2003,10,101.1271935
2002,10,100.9325006
2001,10,101.0849102
2000,10,101.0464844
1999,10,100.9983965
1998,10,100.942381
1997,10,100.8796506
1996,10,100.811032
1995,10,100.737067
1994,10,100.6580873
1993,10,100.574269
1992,10,100.4856736
1991,10,100.3922779
1990,10,100.2952974
1989,10,100.1965401
1988,10,100.096653
1987,10,99.99620516
1986,10,99.89570791
1985,10,99.7956301
1984,10,99.69640912
1983,10,99.59845914
1982,10,99.50217721
1981,10,99.40794771
1980,10,99.32256739
1979,10,99.25144915
1978,10,99.19276298
1977,10,99.14514048
1976,10,99.10755419
1975,10,99.07922841
1974,10,99.05957339
1973,10,99.04813671
1972,10,99.04456737
1971,10,99.04858926
2019,9,106.1
2018,9,106.8
2017,9,107.3
2016,9,108.5
2015,9,108.6
2014,9,108.5
2013,9,109.2
2012,9,109
2011,9,109.4
2010,9,110.4
2009,9,110.7
2008,9,109.7054978
2007,9,109.6006569
2006,9,109.3325499
2005,9,109.1615976
2004,9,109.0490282
2003,9,108.9789721
2002,9,109.0341555
2001,9,108.9848232
2000,9,108.9635756
1999,9,108.9564144
1998,9,108.9565913
1997,9,108.9582862
1996,9,108.9563647
1995,9,108.9461985
1994,9,108.9235334
1993,9,108.8843913
1992,9,108.8249982
1991,9,108.7417304
1990,9,108.6237675
1989,9,108.4707616
1988,9,108.2939317
1987,9,108.1025973
1986,9,107.904675
1985,9,107.7070454
1984,9,107.5158239
1983,9,107.3365609
1982,9,107.1743893
1981,9,107.0341339
1980,9,106.9225499
1979,9,106.8403889
1978,9,106.7838554
1977,9,106.7500801
1976,9,106.7368775
1975,9,106.7425676
1974,9,106.7658432
1973,9,106.8056725
1972,9,106.8612276
1971,9,106.9318304
2019,8,101.9
2018,8,102.2
2017,8,101.7
2016,8,102.3
2015,8,102
2014,8,102.1
2013,8,101.1
2012,8,101.4
2011,8,100.9
2010,8,101.1
2009,8,100.4
2008,8,101.0140092
2007,8,101.047806
2006,8,100.9238208
2005,8,100.9598987
2004,8,101.21478
2003,8,101.1454951
2002,8,101.0785676
2001,8,100.8940099
2000,8,100.7289272
1999,8,100.5715718
1998,8,100.4215977
1997,8,100.2790449
1996,8,100.1442387
1995,8,100.017715
1994,8,99.90016515
1993,8,99.79239545
1992,8,99.69529701
1991,8,99.60982362
1990,8,99.53971538
1989,8,99.48457493
1988,8,99.43961376
1987,8,99.40083526
1986,8,99.36482767
1985,8,99.32861113
1984,8,99.28952474
1983,8,99.24514322
1982,8,99.19321523
1981,8,99.13161794
1980,8,99.06615758
1979,8,99.004004
1978,8,98.94465073
1977,8,98.88772054
1976,8,98.83293164
1975,8,98.78007271
1974,8,98.72898454
1973,8,98.67954631
1972,8,98.63166563
1971,8,98.58527107
2019,6,115.4
2018,6,115
2017,6,114.7
2016,6,113.8
2015,6,113.7
2014,6,113.1
2013,6,112.9
2012,6,113.4
2011,6,113.6
2010,6,112.9
2009,6,113.1
2008,6,112.8696815
2007,6,112.6737349
2006,6,112.407419
2005,6,112.3173703
2004,6,112.2193496
2003,6,111.9562795
2002,6,111.9084184
2001,6,111.647855
2000,6,111.5894648
1999,6,111.56537
1998,6,111.5615378
1997,6,111.566118
1996,6,111.5688725
1995,6,111.5607536
1994,6,111.5335927
1993,6,111.4798706
1992,6,111.3925478
1991,6,111.2649386
1990,6,111.1109153
1989,6,110.9513509
1988,6,110.7885205
1987,6,110.624486
1986,6,110.4611521
1985,6,110.3003073
1984,6,110.1436541
1983,6,109.9928319
1982,6,109.8494331
1981,6,109.7150155
1980,6,109.5990827
1979,6,109.5080854
1978,6,109.4389858
1977,6,109.3895257
1976,6,109.3580228
1975,6,109.3432202
1974,6,109.3441749
1973,6,109.3601761
1972,6,109.390684
1971,6,109.4352857
2019,5,85.3
2018,5,86.2
2017,5,86.8
2016,5,87.4
2015,5,86.9
2014,5,87.8
2013,5,87.8
2012,5,87.6
2011,5,87.7
2010,5,86.6
2009,5,86.9
2008,5,87.41335975
2007,5,87.35459724
2006,5,87.20685132
2005,5,87.27230258
2004,5,87.24744139
2003,5,87.18223824
2002,5,87.27748702
2001,5,87.18994285
2000,5,87.09238204
1999,5,86.99737189
1998,5,86.9052936
1997,5,86.81664512
1996,5,86.73201065
1995,5,86.6520381
1994,5,86.57742241
1993,5,86.50889325
1992,5,86.44720598
1991,5,86.39313488
1990,5,86.34481564
1989,5,86.29906498
1988,5,86.25499359
1987,5,86.21182993
1986,5,86.16888939
1985,5,86.12555158
1984,5,86.08124354
1983,5,86.03542734
1982,5,85.98759092
1981,5,85.9372413
1980,5,85.88652548
1979,5,85.83783726
1978,5,85.79091479
1977,5,85.745564
1976,5,85.70164094
1975,5,85.6590386
1974,5,85.6176773
1973,5,85.57749754
1972,5,85.53845471
1971,5,85.50051518
2019,4,96.5
2018,4,96.1
2017,4,95.8
2016,4,96.1
2015,4,96
2014,4,96.5
2013,4,97.1
2012,4,97.9
2011,4,98.6
2010,4,100.1
2009,4,100.6
2008,4,98.44722574
2007,4,98.19893737
2006,4,97.92369694
2005,4,97.97240405
2004,4,97.8705403
2003,4,97.83166081
2002,4,97.87953384
2001,4,97.76534027
2000,4,97.68413562
1999,4,97.60216968
1998,4,97.52012537
1997,4,97.43857997
1996,4,97.35803283
1995,4,97.27892568
1994,4,97.20165774
1993,4,97.12659679
1992,4,97.05408745
1991,4,96.98445719
1990,4,96.91684818
1989,4,96.84993609
1988,4,96.78344879
1987,4,96.71713767
1986,4,96.65077151
1985,4,96.58413193
1984,4,96.51701002
1983,4,96.44920389
1982,4,96.38051681
1981,4,96.31075588
1980,4,96.24187494
1979,4,96.1758027
1978,4,96.11221326
1977,4,96.05086787
1976,4,95.99159216
1975,4,95.93425931
1974,4,95.87877761
1973,4,95.82508129
1972,4,95.7731237
1971,4,95.72287237
2019,2,104.8
2018,2,105
2017,2,105.7
2016,2,105.5
2015,2,106.3
2014,2,104.9
2013,2,105.4
2012,2,105.1
2011,2,105.5
2010,2,106.9
2009,2,106.9
2008,2,105.9852168
2007,2,105.7524643
2006,2,105.5329924
2005,2,105.8480368
2004,2,105.7592173
2003,2,105.6925053
2002,2,105.5850611
2001,2,105.2632253
2000,2,105.2230576
1999,2,105.1998404
1998,2,105.1862005
1997,2,105.1758521
1996,2,105.163312
1995,2,105.14369
1994,2,105.1125337
1993,2,105.0657142
1992,2,104.9993413
1991,2,104.9097011
1990,2,104.8097315
1989,2,104.7146205
1988,2,104.6231173
1987,2,104.5343077
1986,2,104.4475257
1985,2,104.3622888
1984,2,104.2782501
1983,2,104.1951625
1982,2,104.1128532
1981,2,104.0312037
1980,2,103.9506336
1979,2,103.8714787
1978,2,103.793533
1977,2,103.7166438
1976,2,103.6406981
1975,2,103.5656119
1974,2,103.4913228
1973,2,103.4177843
1972,2,103.3449615
1971,2,103.2728285
2019,1,86.4
2018,1,86.1
2017,1,86.1
2016,1,86.8
2015,1,87.1
2014,1,87.8
2013,1,88.1
2012,1,87.7
2011,1,87.9
2010,1,87.5
2009,1,87.6
2008,1,87.29163754
2007,1,87.20307238
2006,1,87.01905483
2005,1,87.05434353
2004,1,86.99241962
2003,1,87.0551061
2002,1,86.9958454
2001,1,86.81694979
2000,1,86.75633882
1999,1,86.69711265
1998,1,86.6395649
1997,1,86.58393877
1996,1,86.53044025
1995,1,86.47924786
1994,1,86.43051982
1993,1,86.38439934
1992,1,86.34101859
1991,1,86.30050153
1990,1,86.26040491
1989,1,86.21844258
1988,1,86.17506814
1987,1,86.13060932
1986,1,86.08530086
1985,1,86.03930884
1984,1,85.99274862
1983,1,85.94569811
1982,1,85.89820756
1981,1,85.85030678
1980,1,85.80221945
1979,1,85.75415295
1978,1,85.70608573
1977,1,85.65799891
1976,1,85.60987562
1975,1,85.56170045
1974,1,85.51345908
1973,1,85.46513798
1972,1,85.41672424
1971,1,85.36820538
